A & R Construction,Arthur, IL 61911,217-543-4049,,Category:,Contractors General
A & R Construction,Arthur, IL 61911,217-543-4045,,Category:,Contractors General
ABC Shop,2260 Cr 1800e,Arthur, IL 61911,217-543-2655,,Category:,Office Supplies Retail
ABC Shop,2260 County Road 1800e,Arthur, IL 61911,217-543-2655,,Category:,School Supplies Retail
ABC Shop,2270A Cr 1800e,Arthur, IL 61911,217-543-2655,,Category:,School Supplies Retail
Abe Schrock Construction,60 E Cr 600 N,Arthur, IL 61911,217-543-3276,,Category:,Contractors General
Aj's Auto Body,111 N Vine St,Arthur, IL 61911,217-543-3691,,Category:,Automobile Body Repair &Amp; Building
Alco Overhead Doors,114 Moses St,Arthur, IL 61911,217-543-3502,,Category:,Doors Retail
Alco Overhead Doors,114 Moses St,Arthur, IL 61911,888-467-0543,,Category:,Garage Doors Sales &Amp; Repair
Alcorn Trucking,612 W Parkview Dr,Arthur, IL 61911,217-543-2685,,Category:,Truck Renting &Amp; Leasing
Amish Adventures & Stellar Tours,250 S Vine St,Arthur, IL 61911,217-543-2734,,Category:,Tours
Amish Adventures & Stellar Trs,202 S Vine St,Arthur, IL 61911,217-543-2734,,Category:,Travel &Amp; Tourism
Amish Country Heirlooms,250 S Vine St,Arthur, IL 61911,217-543-2661
Apt Communications,111 E Illinois St,Arthur, IL 61911,217-235-2035,,Category:,Computer Service &Amp; Repair
Arcola First Bank ATM,201 S Vine St,Arthur, IL 61911,,Category:,Automated Teller Machine (Atm)
Arthur Ambulance,212 E 3rd St,Arthur, IL 61911,217-543-3911,,Category:,Ambulance Service
Arthur Animal Clinic & Hospital,309 S Vine St,Arthur, IL 61911,217-543-2613,,Category:,Veterinary Clinics &Amp; Hospitals
Arthur Area Economic Dev Corp,206 S Vine St,Arthur, IL 61911,217-543-2232,,Category:,Economic Development Organizations
Arthur Bourbon & Lowe Cemeteries,900 E Park St,Arthur, IL 61911,217-543-2497,,Category:,Cemeteries &Amp; Memorial Parks
Arthur Christian School,133 E Illinois St,Arthur, IL 61911,217-543-2397,,Category:,Schools Religious Education
Arthur Christian School,1710 State Highway 133,Arthur, IL 61911,217-543-2397,,Category:,Schools
Arthur City Wat,314 W Progress St,Arthur, IL 61911,217-543-2813,,Category:,Utilities - Gas, Water &Amp; Electric
Arthur Clinic Sbl,211 S Walnut St,Arthur, IL 61911,217-543-3444,,Category:,Physicians Md &Amp; Do
Arthur Community Pool,212 E 3rd St,Arthur, IL 61911,217-543-2512,,Category:,Swimming Pools Private &Amp; Public
Arthur Counter Top Co,807 E Mill St,Arthur, IL 61911,217-543-4060,,Category:,Counter Tops
Arthur Elementary School,126 E Lincoln St,Arthur, IL 61911,217-543-2109,,Category:,Schools
Arthur Fire District,323 W Columbia St,Arthur, IL 61911,217-543-3754,,Category:,Fire Departments
Arthur Fire Protection Dist,Arthur, IL 61911,217-543-3100,,Category:,Fire Protection Systems &Amp; Services
Arthur Flower & Gift Shops,216 S Vine St,Arthur, IL 61911,217-543-2822,,Category:,Florists
Arthur Graphic Clarion,113 E Illinois St,Arthur, IL 61911,217-543-2241,,Category:,Printers
Arthur High School,301 E Columbia St,Arthur, IL 61911,217-543-2511,,Category:,Schools Academic Secondary &Amp; Elementary
Arthur Home,423 S Eberhardt Dr,Arthur, IL 61911,217-543-2103,,Category:,Nursing Homes &Amp; Life Care Facilities
Arthur IGA,215 S Vine St,Arthur, IL 61911,217-543-2633,,Category:,Groceries
Arthur M C C Thrift Shop,1065 E Columbia St,Arthur, IL 61911,217-543-2421,,Category:,Thrift Stores
Arthur Medical Center,650 W Columbia St,Arthur, IL 61911,217-543-3869,,Category:,Clinics Medical
Arthur Mennonite Ch,722 E Park St,Arthur, IL 61911,217-543-2774,,Category:,Religious Organizations
Arthur Mennonite Church,710 E Park St,Arthur, IL 61911,217-543-2781,,Category:,Portable Buildings
Arthur Produce Auction,354 N Cr 100 E,Arthur, IL 61911,217-543-5100,,Category:,Produce Wholesale
Arthur Public Library,225 S Walnut St,Arthur, IL 61911,217-543-2037,,Category:,Libraries Public
Arthur Sale Barn,321 Po Box,Arthur, IL 61911,217-543-3255,,Category:,Livestock Auction Markets
Arthur Southern Baptist Church,530 N Vine St,Arthur, IL 61911,217-543-2672,,Category:,Churches Baptist Southern Baptist Convention
Arthur United Methodist Church,128 E Illinois St,Arthur, IL 61911,217-543-3159,,Category:,Churches Methodist United
Arthur Veterinary Clinic Inc,705 S Vine St,Arthur, IL 61911,217-543-3533,,Category:,Veterinary Clinics &Amp; Hospitals
Arthur Village Ambulance,Arthur, IL 61911,217-543-3754,,Category:,Ambulance Service
Arthur Village Community Room,120 E Progress St,Arthur, IL 61911,217-543-2946,,Category:,Police Departments
Arthur Village Police Department,120 E Progress St,Arthur, IL 61911,217-543-3141,,Category:,Police &Amp; Law Enforcement
Arthur Visitors Bureau,106 E Progress St,Arthur, IL 61911,217-543-2242,,Category:,Tourists Information
Atm,1195 E Columbia St,Arthur, IL 61911,,Category:,Automated Teller Machine (Atm)
Atm,209 N Vine St,Arthur, IL 61911,,Category:,Automated Teller Machine (Atm)
Atm,113 E Progress St,Arthur, IL 61911,,Category:,Automated Teller Machine (Atm)
ATM,809 E Columbia St,Arthur, IL 61911,,Category:,Automated Teller Machine (Atm)
Audibel Hearing Aid Center,431 W Palmer St,Apt 211,Arthur, IL 61911,217-543-4526,,Category:,Hearing Aids &Amp; Assistive Devices
Aunt Sarah's Fudgery & General Store,216 S Vine St,Arthur, IL 61911,217-543-2565,,Category:,Variety Stores
Beachey's Bookkeeping Service,120 E Illinois St,Arthur, IL 61911,217-543-3307,,Category:,Tax Return Preparation &Amp; Filing
Beachy Painting,2324 Cr 1800e,Arthur, IL 61911,217-543-2590,,Category:,Painting Contractors
Beachy's Bulk Foods,259 N Cr 200 E,Arthur, IL 61911,217-543-3447,,Category:,Groceries
Beachy's Counter Tops Inc,129 E Sr 133,Arthur, IL 61911,217-543-2143,,Category:,Counter Tops
Bear Creek Yard Creations,1069 E Columbia St,Arthur, IL 61911,217-543-3162,,Category:,Portable Buildings
Beechy's Siding & Overhang,84 E Cr 100 N,Arthur, IL 61911,217-202-9499,,Category:,Roofing Contractors
Bernadine's Needle Art,1021 Moses Ct,Arthur, IL 61911,217-543-2996,,Category:,Needlework &Amp; Supplies Wholesale &Amp; Manufacturers
Bernardl Construction,424 S Pine St,Arthur, IL 61911,217-543-3480,,Category:,Contractors General
Bernardl Construction,424 S Pine St,Arthur, IL 61911,217-543-3121,,Category:,Contractors General
Big Sky Builders,1646 Cr 2500n,Arthur, IL 61911,217-273-8348,,Category:,Home Repair &Amp; Maintenance
Big Sky Builders,207 Smith St,Arthur, IL 61911,217-273-8348,,Category:,Roofing Contractors
Blondies Bar,113 E Progress St,Arthur, IL 61911,217-543-2345
Bourbon Township Office,419 E Lincoln St,Arthur, IL 61911,217-543-2270,,Category:,Government Offices Local
Brenneman Wood Finishing,1778B Cr 2300n,Arthur, IL 61911,217-543-2410,,Category:,Wood Products
Brown W D,525 N Vine St,Arthur, IL 61911,217-543-2129,,Category:,Dentists
Buggy Wheel Crafts & Antiques,214 S Vine St,Arthur, IL 61911,217-543-2311,,Category:,Antique Dealers
C E Grant & Assoc,207 Cologne Ct,Arthur, IL 61911,217-543-2070
Cabinet Factories Outlet,100 N Vine St,Arthur, IL 61911,217-543-3466,,Category:,Contractors - Building
Cadwell Buggy Shop,102 Smith St,Arthur, IL 61911,217-543-2076
Cargill,108 N Industrial Pkwy,Arthur, IL 61911,217-543-2141,,Category:,Grain Dealers
CarQuest Auto Parts,233 S Vine St,Arthur, IL 61911,217-543-2169,,Category:,Automobile - Parts &Amp; Accessories
Carstin Brands Inc,Arthur, IL 61911,217-543-3364,,Category:,Marble Contractors
Central Door Co,287 N Cr 100 E,Arthur, IL 61911,217-543-4015,,Category:,Cabinets Retail
Central Il Seamless Gutters,1626 Cr 2300n,Arthur, IL 61911,217-543-2461,,Category:,Home Improvement &Amp; Remodeling
Central Il Seamless Gutters LLC,1760B Cr 2300n,Arthur, IL 61911,217-543-3487,,Category:,Gutters &Amp; Downspouts
Central Ill Poultry Processing Llc,119 N Cr 000 E,Arthur, IL 61911,217-543-2937,,Category:,Poultry Wholesale
Central Power Products,100 N Industrial Pkwy,Arthur, IL 61911,217-543-2022,,Category:,Compressors Air &Amp; Gas
Chesterville Antique Mall,400 E Sr 133,Arthur, IL 61911,217-543-3366,,Category:,Coin Dealers Supplies Etc
CHI Overhead Doors,1485 Sunrise Dr,Arthur, IL 61911,217-543-2135,,Category:,Door &Amp; Gate Operating Devices
Clark's Plumbing,322 S Pine St,Arthur, IL 61911,217-543-3109,,Category:,Plumbing Contractors
Clausen & Green Farms Inc,480 N Cr 250 E,Arthur, IL 61911,217-543-2202,,Category:,Farms
Clearview Fabrics & Books,196 E Cr 500 N,Arthur, IL 61911,217-543-9091,,Category:,Bookstores
Clearwater Construction Lcc,140 E Cr 100 N,Arthur, IL 61911,217-543-3858,,Category:,Real Estate - Development
Coach House Garages,700 E Mill St,Arthur, IL 61911,217-543-3761,,Category:,Real Estate - Development
Coach House Garages,320 Po Box,Arthur, IL 61911,618-259-1414,,Category:,Garage Door &Amp; Gate Operating Devices
Coating Solutions Inc,820 E Mill St,Arthur, IL 61911,217-543-2396,,Category:,Woodwork
Community Retirement Inc,423 S Eberhardt Dr,Arthur, IL 61911,217-543-4546,,Category:,Retirement &Amp; Life Care Communities &Amp; Homes
Concrete Restoration,61 N Cr 100 E,Arthur, IL 61911,217-543-4184,,Category:,Concrete Restoration
Concrete Technology Inc,Arthur, IL 61911,217-543-2636,,Category:,Concrete Restoration
Conlin Painting,16730 N County Road 000e,Arthur, IL 61911,217-543-3053,,Category:,Painting Contractors
Conner Day Care,612 S Spruce St,Arthur, IL 61911,217-543-3033,,Category:,Child Care Services
Cornwell Grain Equipment,420 N Hickory St,Arthur, IL 61911,217-543-2631,,Category:,Farm Equipment Dealers &Amp; Supplies
Cottontail Fabrics,1955 Cr 1700e,Arthur, IL 61911,217-543-2800,,Category:,Fabric Shops
Country Cheese & More,205 S Vine St,Arthur, IL 61911,217-543-3544,,Category:,Cheese Retail
Country Inns & Suites,785 E Columbia St,Arthur, IL 61911,217-543-3321,,Category:,Hotels &Amp; Motels
Country Shoe Shop,2068 Cr 1800e,Arthur, IL 61911,217-543-2082,,Category:,Shoes Retail
Country Stairways,189 E Cr 100 N,Arthur, IL 61911,217-543-3363,,Category:,Stair Builders


Countryside Amish Furniture,1025 Moses Ct,Arthur, IL 61911,217-543-2950,,Category:,Furniture Dealers
Countryside Barns Inc,150 E Cr 200 N,Arthur, IL 61911,217-254-2575,,Category:,Portable Buildings
Countryside Woodworking,550 N Cr 240 E,Arthur, IL 61911,217-543-4190,,Category:,Woodwork
Countryside Woodworking,Arthur, IL 61911,217-543-4190,,Category:,Woodwork
Creative Stone Spec,1515 Cr 1675e,Arthur, IL 61911,217-259-4862,,Category:,Concrete Products Retail
Creative Stone Specialists,1515 Cr 1675e,Arthur, IL 61911,217-259-4862,,Category:,Concrete Restoration
Creative Wood Products,Arthur, IL 61911,217-543-4043,,Category:,Woodwork
Crist Termite and Pest Solutions, Inc.,207 N Oak St,Arthur, IL 61911,217-543-2890,,Category:,Pest Control Services
Crist Termite & Pest Solutions Inc,Arthur, IL 61911,877-543-2890,,Category:,Pest Control Services
Custom Screen Printing,111 N Vine St,Arthur, IL 61911,217-543-3657,,Category:,Screen Printing
D G Woodprocessing,120 E Cr 200 N,Arthur, IL 61911,217-543-2128,,Category:,Firewood
D & L Upholstery,1723A State Highway 133,Arthur, IL 61911,217-543-3261,,Category:,Upholsters
D & L Upholstery,1723 State Highway 133,Arthur, IL 61911,217-543-3261,,Category:,Upholsters
D & L Upholstery,1723B State Highway 133,Arthur, IL 61911,217-543-3261,,Category:,Upholstery
Daily Farms Inc,306 E Park St,Arthur, IL 61911,217-543-2068,,Category:,Fruit &Amp; Vegetable Growers &Amp; Shippers
Daily Ronald Welding,318 E Lincoln St,Arthur, IL 61911,217-543-3001,,Category:,Welding
Darrell A Woolum Atty,131 S Vine St,Ste B,Arthur, IL 61911,217-543-3403,,Category:,Attorneys
Das Huber Haus,1774 Cr 1900n,Arthur, IL 61911,217-543-3366
Das Schlacht Haus LLC,1758 Cr 1900n,Arthur, IL 61911,217-543-5178,,Category:,Meat Processing
Dava's Nest,139 S Vine St,Arthur, IL 61911,217-543-3930,,Category:,Resale Shops
Dejavu Boutique,1065 E Columbia St,Arthur, IL 61911,217-543-2904,,Category:,Resale Shops
Delberts Clothing Store,123 S Vine St,Arthur, IL 61911,217-543-2322,,Category:,Mens Clothing &Amp; Furnishings Retail
Demolition Plus,203 Chaise Ln,Arthur, IL 61911,217-543-2035,,Category:,Demolition Consultants
Demolition Plus,125 N Walnut St,Arthur, IL 61911,217-543-2035,,Category:,Demolition Consultants
Dennis Schrock Certified,233 S Vine St,Arthur, IL 61911,217-246-8796,,Category:,Nutritionists
Designer Bernedoodles,1473 Cr 1675e,Arthur, IL 61911,217-460-1313
Dick's Pharmacy,118 S Vine St,Arthur, IL 61911,217-543-2913,,Category:,Pharmacies
Diener Hardwood Floors,1686 Co Rd 2200n,Arthur, IL 61911,217-543-2484,,Category:,Flooring &Amp; Floor Covering Contractors
Dollar General,825 E Columbia St,Arthur, IL 61911,217-543-4003,,Category:,Groceries
Douglas Kounty Kreative Ktchns,750 N Cr 250 E,Arthur, IL 61911,217-268-5056,,Category:,Cabinet Makers
Dutch Valley Meats,376 E Sr 133,Arthur, IL 61911,217-543-3354,,Category:,Meat Dealers Retail
E M Farm,172 Po Box,Arthur, IL 61911,217-543-3920,,Category:,Fruit &Amp; Vegetable Growers &Amp; Shippers
E-Z Trail Inc,1050 E Columbia St,Arthur, IL 61911,217-543-3471,,Category:,Farm Equipment Dealers &Amp; Supplies
E-Z Trail Inc,133 E Illinois St,Arthur, IL 61911,217-543-3471,,Category:,Agricultural Equipment &Amp; Supplies
E-Z Trail Inc,402 E Progress St,Arthur, IL 61911,217-543-2583,,Category:,Farm Equipment Dealers &Amp; Supplies
Earl Millers Lawn Service,103 Yantis St,Arthur, IL 61911,217-273-6051,,Category:,Lawn &Amp; Grounds Maintenance
Earl Miller's Lawn Service,1550 Cr 1900n,Arthur, IL 61911,217-273-6051,,Category:,Lawn &Amp; Grounds Maintenance
Eberhardt Village,431 W Palmer St,Arthur, IL 61911,217-543-3705,,Category:,Retirement &Amp; Life Care Communities &Amp; Homes
Echo Printers,2060 Cr 1700e,Arthur, IL 61911,217-543-3409,,Category:,Caterers
Effingham Equity,Arthur, IL 61911,217-543-3467,,Category:,Business Services
Elder Michael G,426 N Vine St,Arthur, IL 61911,217-543-2118,,Category:,Chiropractors
EMC Outdoor Furnishings,441 E Cr 400 N,Arthur, IL 61911,217-543-2894,,Category:,Gazebos
F D Miller Feed Co,13 E Cr 250 N,Arthur, IL 61911,217-543-2346,,Category:,Feed Dealers
Family Health Foods,24 E Cr 300 N,Arthur, IL 61911,217-543-3189,,Category:,Health &Amp; Diet Food Products Retail
Family Health Foods,2004 Cr 1800e,Arthur, IL 61911,217-543-3588,,Category:,Physicians - General
Family Health Foods,2008 Cr 1800e,Arthur, IL 61911,217-543-3588,,Category:,Kitchen Cabinets &Amp; Accessories
Family Medicine,525 N Vine St,Ste C,Arthur, IL 61911,217-543-4030,,Category:,Physicians Md &Amp; Do
Farm Pride,1201 N Vine St,Arthur, IL 61911,217-543-2116,,Category:,Tractor Dealers
Finishworks LLC,806 E Mill St,Arthur, IL 61911,217-543-3200,,Category:,Woodworking Equipment &Amp; Supplies
First Baptist Church,225 S Hickory St,Arthur, IL 61911,217-543-2767,,Category:,Clergy
First Baptist Church Of Arthur,120 E Park St,Arthur, IL 61911,217-543-2592,,Category:,Churches
First National Bank,120 W Progress St,Arthur, IL 61911,217-543-3850,,Category:,Banking Services
First National Bank,201 S Vine St,Arthur, IL 61911,217-543-3381,,Category:,Savings &Amp; Loans Associations
Fit4life Independent Team Beachbody,830 E Columbia St,Arthur, IL 61911,217-259-5551,,Category:,Sport Clubs &Amp; Associations
Four Acre Wood Products,553 N Cr 240 E,Arthur, IL 61911,217-543-2971,,Category:,Woodwork
Frontier Manufacturing, LLC,329 E Sr 133,Arthur, IL 61911,217-543-2485,,Category:,Welding
Furniture Plus,2062 Cr 1800e,Arthur, IL 61911,217-543-4093,,Category:,Furniture Dealers
Furniture Plus,2076 Cr 1800e,Arthur, IL 61911,217-543-4093,,Category:,Furniture Dealers
G R Mast Concrete Inc,806 E Mill St,Arthur, IL 61911,217-543-3721,,Category:,Concrete Contractors
Gasland Arthur,209 N Vine St,Arthur, IL 61911,217-543-2523,,Category:,Gasoline Stations
Gilbert Ghearing MD,211 S Walnut St,Arthur, IL 61911,217-543-3444,,Category:,Physicians Md &Amp; Do
Gingerich Custom Woodworking,Arthur, IL 61911,217-578-3491,,Category:,Woodwork
Gingerich Farms,1688 Cr 2400n,Arthur, IL 61911,217-543-2499,,Category:,Farms
Gingerich Farms,2283 Cr 1500e,Arthur, IL 61911,217-543-2499,,Category:,Farms
Graber's Custom Woodworking LLC,129 E Cr 50 N,Arthur, IL 61911,217-543-3155,,Category:,Contractors - Carpentry
Grace Design Studio,1065 E Columbia St,Arthur, IL 61911,217-543-2277
Graham Veterinary Clinic,309 S Vine St,Arthur, IL 61911,217-928-0011,,Category:,Veterinary Clinics &Amp; Hospitals
Great Plains Gas,107 S Vine St,Arthur, IL 61911,217-543-2726,,Category:,Services Stations
Great Pumpkin Patch,1749A Cr 1900n,Arthur, IL 61911,217-543-2394
Green Wave Lawn Care,214 S Poplar St,Arthur, IL 61911,217-543-2819,,Category:,Lawn Services
Guy E Williams Atty,131 S Vine St,Ste B,Arthur, IL 61911,217-543-3403,,Category:,Attorneys
H & H Transportation,208 E 4th St,Arthur, IL 61911,217-543-2276,,Category:,Trucking General
H&R Block,315 S Vine St,Ste 1,Arthur, IL 61911,217-543-2161,,Category:,Tax Return Preparation &Amp; Filing
Hammond United Methodist Church,204 E 3rd St,Arthur, IL 61911,217-262-3386,,Category:,Churches Methodist
Heartland Machine & Supply LLC,337 E Sr 133,Arthur, IL 61911,217-543-2678,,Category:,Welding
Heidi Grooms, DVM,309 S Vine St,Arthur, IL 61911,217-543-2613,,Category:,Veterinary Clinics &Amp; Hospitals
Helmuth Custom Fencing,50 E Cr 250 N,Arthur, IL 61911,217-543-2236,,Category:,Fencing
Helmuth Custom Kitchens LLC,2004 Cr 1800e,Arthur, IL 61911,217-543-3588,,Category:,Kitchen Cabinets &Amp; Accessories
Helmuth Garage Door Co,214 S Vine St,Arthur, IL 61911,217-543-2514,,Category:,Construction Supplies &Amp; Services
Helmuth's Dairy,2074 Jonathan Creek Rd,Arthur, IL 61911,217-543-3685,,Category:,Dairies
Heritage Coatings Inc,2272 Cr 1800e,Arthur, IL 61911,217-543-3696,,Category:,Truck Repair &Amp; Service
Herschberger Custom Fence,1557 State Highway 133,Arthur, IL 61911,217-543-3256,,Category:,Fence Contractors
Herschberger Wood Working,145 E Cr 300 N,Arthur, IL 61911,217-543-4075,,Category:,Woodwork
Hicksgas Soft Water,107 S Vine St,Arthur, IL 61911,217-543-2741,,Category:,Water Softening &Amp; Conditioning Equipment Service &Amp; Supplies
Hicksgas Soft Water,107 S Vine St,Arthur, IL 61911,800-719-4093,,Category:,Water Softening &Amp; Conditioning Equipment Service &Amp; Supplies
Hicksgas Soft Water,107 S Vine St,Arthur, IL 61911,217-294-6409,,Category:,Water Softening &Amp; Conditioning Equipment Service &Amp; Supplies
Homestead Bakery,1749B Cr 1900n,Arthur, IL 61911,217-543-3700,,Category:,Bakers
Hostetler Harness Shop,2075 Cr 1600e,Arthur, IL 61911,217-543-3537,,Category:,Horse Tack &Amp; Supplies
Hostetler Neil,130 E Cr 200 N,Arthur, IL 61911,217-543-2217
Illini Portable Buildings,117 E 2nd St,Arthur, IL 61911,217-273-5510,,Category:,Portable Buildings
It'll DO Arthur Inc,113 E Progress St,Arthur, IL 61911,217-543-2231,,Category:,Restaurants
Ivan & Sons Woodworking,1716 Cr 2000n,Arthur, IL 61911,217-543-5175,,Category:,Woodwork
J L G Construction Co,423 E Cr 370 N,Arthur, IL 61911,217-543-3598,,Category:,Homes Built
J R Repair Service,820 E Mill St,Arthur, IL 61911,217-543-2992,,Category:,Truck Repair &Amp; Service
J & R's Stump Lawn & Garden,1950 Cr 1600e,Arthur, IL 61911,217-543-3461,,Category:,Lawn &Amp; Grounds Maintenance
Jace Enterprises,352 N Cr 410 E,Arthur, IL 61911,217-543-3157,,Category:,Truck Caps Shells &Amp; Toppers
James E Winfield DMD,318 S Ash St,Arthur, IL 61911,217-543-3415,,Category:,Dentists
Jd Builders,75 E Cr 100 N,Arthur, IL 61911,217-273-5252,,Category:,Roofing Contractors
Jd Builders,Arthur, IL 61911,217-543-5110,,Category:,Contractors General
Johnson's Tax & Acctg Service,112 E Illinois St,Arthur, IL 61911,217-543-2398,,Category:,Accountants Certified Public


Jo's Country Diner,426 E Sr 133,Arthur, IL 61911,217-543-2457,,Category:,Restaurants Diners
Judy Hohman Pac,211 S Walnut St,Arthur, IL 61911,217-543-3444,,Category:,Physicians &Amp; Surgeons Md
K 6 Sports,511 W 3rd St,Arthur, IL 61911,217-543-2131,,Category:,Sporting Goods Sales &Amp; Rental
Kate's Kar Sales,1616 State Highway 133,Arthur, IL 61911,217-543-5162,,Category:,Recreational Vehicles &Amp; Campers Dealers
Kate's Kars,1627 State Highway 133,Arthur, IL 61911,217-543-5162
Kauffman Wallbeds & More LLC,110 E Cr 600 N,Arthur, IL 61911,217-259-0235
Kaufman Woodworking,29 E Cr 100 N,Arthur, IL 61911,217-543-3607,,Category:,Woodwork
Keith W Casteel Atty,131 S Vine St,Ste B,Arthur, IL 61911,217-543-3403,,Category:,Attorneys
Kenneth Brown MD,525 N Vine St,Ste C,Arthur, IL 61911,217-543-4030,,Category:,Physicians &Amp; Surgeons Md Family &Amp; General Practice
Kenrose Kitchen Kabinets,358 E Cr 300 N,Arthur, IL 61911,217-543-3595,,Category:,Kitchen Cabinets &Amp; Accessories
Kevin J Huffman CPA,210 Taylor Ln,Arthur, IL 61911,217-543-3644,,Category:,Accountants Certified Public
Kevin J Huffman CPA,131 S Vine St,Ste A,Arthur, IL 61911,217-543-2184,,Category:,Accountants Certified Public
Kevmar Manufacturing,188 E Cr 600 N,Arthur, IL 61911,217-543-2828,,Category:,Metal Roll &Amp; Form
Kiranpreet Multani DO,525 N Vine St,Ste C,Arthur, IL 61911,217-543-4030,,Category:,Physicians Md &Amp; Do
Kitchen Seed Co Inc,286 N Vine St,Arthur, IL 61911,217-543-3476,,Category:,Farm Equipment Dealers &Amp; Supplies
Kristen & Co,122 S Vine St,Arthur, IL 61911,217-543-2868,,Category:,Beauty Salons
Kuhn's Equipment Co,1000 E Columbia St,Arthur, IL 61911,217-543-2154,,Category:,Contractor Equipment &Amp; Supplies Dealers
La Cascada Mexican Grill,1063 E Columbia St,Arthur, IL 61911,217-543-3131,,Category:,Restaurants
Lake Fork Woodworking,176 E Cr 700 N,Arthur, IL 61911,217-578-2778,,Category:,Woodwork
Landis Sales & Service,115 E Cr 500 N,Arthur, IL 61911,217-543-3464,,Category:,Sewing Machine Repair &Amp; Service
Lavern Miller Construction,Arthur, IL 61911,217-273-1465,,Category:,Home Builders
Lawn Keeper Landscaping & Lawn Care,Arthur, IL 61911,217-543-3003,,Category:,Retaining Walls
Leco Construction,17526 N County Road 100e,Arthur, IL 61911,217-962-0320,,Category:,Contractors General
Lee's Services,317 E Lincoln St,Arthur, IL 61911,217-543-3616,,Category:,Contractors General
Legacy Land,900 E Columbia St,Arthur, IL 61911,217-543-2507
Lester Hostetler,160 E Cr 600 N,Arthur, IL 61911,217-273-9604,,Category:,Trucking General
Lh Farms,514 W Progress St,Arthur, IL 61911,217-543-2555,,Category:,Farms
Little Creek Woodworking,1473 Cr 1675e,Arthur, IL 61911,217-543-2815,,Category:,Office Furniture &Amp; Equipment Dealers
M & E Wood Crafts,1533 Cr 1900n,Arthur, IL 61911,217-543-2193,,Category:,Woodwork
Mama B's Pizzeria,508 N Vine St,Arthur, IL 61911,217-543-3531,,Category:,Restaurants Pizza
Maple Lane Metals,422 E Cr 370 N,Arthur, IL 61911,217-543-3680,,Category:,Sheet Metal Specialties
Marsha's Vineyard,212 Chaise Ln,Arthur, IL 61911,217-543-4001,,Category:,Hotels Motels Bed &Amp; Breakfast
Marten Portable Buildings,Arthur, IL 61911,217-543-3101,,Category:,Portable Buildings
Marvin S Miller Cabinet Shop,2225 Cr 1600e,Arthur, IL 61911,217-543-2239,,Category:,Cabinet Makers
Marx Veterinary Service,210 E Progress St,Arthur, IL 61911,217-543-3864,,Category:,Veterinary Clinics &Amp; Hospitals
Masterbrand Cabinets Inc,217 S Oak St,Arthur, IL 61911,217-543-3311,,Category:,Furniture Custom Made
Mcguire Yuhas Huffman & Buckley Cpa's,131 S Vine St,Ste A,Arthur, IL 61911,217-543-2184,,Category:,Accountants Certified Public
Melvin's Woodworking,120 E Cr 100 N,Arthur, IL 61911,217-543-3583,,Category:,Wood Products
Merv's Electrical,107 N Elm St,Arthur, IL 61911,217-543-3009,,Category:,Contractors Electric
Mi Tierrita,1063 E Columbia St,Arthur, IL 61911,217-543-2256
Michael G Elder DC,426 N Vine St,Arthur, IL 61911,217-543-2118,,Category:,Chiropractors
Mid-State Propane,2324 Cr 1800e,Arthur, IL 61911,217-543-2590,,Category:,Propane Gas Sales
Midstate Lamp LLC,169 E Cr 200 N,Arthur, IL 61911,217-543-3095,,Category:,Lamps &Amp; Lamp Shades Retail
Midstate Machine,169 E Cr 200 N,Arthur, IL 61911,217-543-3065,,Category:,Automotive Machine &Amp; Shop Service
Midstate Machine,519 N Cr 240 E,Arthur, IL 61911,217-543-5200,,Category:,Welding
Midstate Saw & Tool,106 Peace Rd,Arthur, IL 61911,217-543-3351,,Category:,Sharpening Service
Miller Andy A,181 N Cr 000 E,Arthur, IL 61911,217-543-2669
Miller Bus Service,801 E Mill St,Arthur, IL 61911,217-543-2911,,Category:,Buses Charter &Amp; Rental Service
Miller Farm,1643B Cr 2400n,Arthur, IL 61911,217-543-3799,,Category:,Farms
Miller Farm,1643A Cr 2400n,Arthur, IL 61911,217-543-3799,,Category:,Farms
Miller Lester O,196 E Cr 500 N,Arthur, IL 61911,217-543-2444
Miller Merle & Marlene,725 N Cr 125 E,Arthur, IL 61911,217-578-3418,,Category:,Cosmetics Retail
Miller Simon A,559 N Cr 100 E,Arthur, IL 61911,217-543-5190
Miller's Harness & Repair,431 N Cr 100 E,Arthur, IL 61911,217-543-3238,,Category:,Horse Tack &Amp; Supplies
Miller's Harness & Repair,431 N Co Rd 100 E,Arthur, IL 61911,217-543-3238,,Category:,Leather Clothing
Miller's Harness & Repair,431 N County Road 100 E,Arthur, IL 61911,217-543-3238,,Category:,Horse Services &Amp; Equipment
Miller's Sharpening,137 E Cr 600 N,Arthur, IL 61911,217-543-3229,,Category:,Sharpening Service
Miller's Storage Buildings,1955 Cr 1700e,Arthur, IL 61911,217-543-3206,,Category:,Portable Buildings
Miller's Storage Buildings,1616 State Highway 133,Arthur, IL 61911,217-543-3206,,Category:,Storage Self Service
Millrich Outdoors,1059 E Columbia St,Arthur, IL 61911,217-460-0593,,Category:,Archery Equipment &Amp; Supplies
Moultrie County Hardwoods LLC,1618 Cr 2000n,Arthur, IL 61911,217-543-2643,,Category:,Government Offices
Mp Water Conditioning,900 E Columbia St,Arthur, IL 61911,217-543-2421,,Category:,Water Softening &Amp; Conditioning Equipment Service &Amp; Supplies
My Healing Moon,102 Po Box,Arthur, IL 61911,217-317-9288,,Category:,Gift Shops
My Healing Moon,110 N Vine St,Arthur, IL 61911,217-317-9288
NAPA Auto Parts,808 E Mill St,Arthur, IL 61911,217-543-3327,,Category:,Automobile Parts &Amp; Supplies Retail
Nelson Door Company,2245 Cr 1500e,Arthur, IL 61911,217-543-3489,,Category:,Doors Wholesale &Amp; Manufacturers
North Vine Mennonite Church,312 N Vine St,Arthur, IL 61911,217-543-2012,,Category:,Churches Mennonite
O E Schrock Inc,107 Moses St,Arthur, IL 61911,217-543-3725,,Category:,Cabinets Retail
O E Schrock Inc,1011 E Columbia St,Arthur, IL 61911,217-543-3725,,Category:,Kitchen Planning &Amp; Remodeling Service
O E Schrock Inc,107 Moses St,Arthur, IL 61911,217-543-3725,,Category:,Home Builders
O & I Woodworking,125 E Cr 50 N,Arthur, IL 61911,217-543-3155,,Category:,Woodwork
Okaw Farmers Co-Op,360 N Cr 425 E,Arthur, IL 61911,217-543-2173,,Category:,Insurance
Okaw Farmers Coop Inc,1545 Cr 1900n,Arthur, IL 61911,217-543-2157,,Category:,Grain Elevators
Okaw Properties Inc,398 E Sr 133,Arthur, IL 61911,217-543-3870,,Category:,Plastic Molders
Okaw Truss Inc,398 E Sr 133,Arthur, IL 61911,217-543-3370,,Category:,Trusses Construction
Okaw Truss Inc,368 E Sr 133,Arthur, IL 61911,217-543-3371,,Category:,Roofs Structures &Amp; Trusses
Okaw Valley Propane,107 S Vine St,Arthur, IL 61911,217-543-2741,,Category:,Propane Gas Sales
Okaw Valley Tours,432 E Sr 133,Arthur, IL 61911,217-543-3900,,Category:,Buses Charter &Amp; Rental Service
Okaw Valley Woodworking,432 E Sr 133,Arthur, IL 61911,217-543-5180,,Category:,Cabinets &Amp; Cabinet Makers
Omer's Mechanicals,750 N Cr 60 E,Arthur, IL 61911,217-543-4044,,Category:,Heating &Amp; Ventilating Contractors
Omer's Mechanicals,750 N Cr 60 E,Arthur, IL 61911,217-543-4044,,Category:,Water Heaters Dealers &Amp; Service
Omer's Mechanicals LLC,106 N Industrial Pkwy,Arthur, IL 61911,217-543-4044,,Category:,Water Heaters Dealers &Amp; Service
Otto Center,217 N Hickory St,Apt 6,Arthur, IL 61911,217-543-2958,,Category:,Professional Engineers
Otto's Canvas LLC,1749 State Highway 133,Arthur, IL 61911,217-543-3007,,Category:,Vitamins &Amp; Food Supplements
Otto's Canvas LLC,1749D State Highway 133,Arthur, IL 61911,217-543-3007,,Category:,Tarps Retail
Otto's Canvas LLC,1749B State Highway 133,Arthur, IL 61911,217-543-3007,,Category:,Vitamins &Amp; Food Supplements
Ottos Canvas Shop,1749A State Highway 133,Arthur, IL 61911,217-543-3007
Owen's Auction Service,49 E Cr 300 N,Arthur, IL 61911,217-543-2013,,Category:,Auctioneers &Amp; Auction Houses
Oye's Hardware,117 E Progress St,Arthur, IL 61911,217-543-3348,,Category:,Hardware Retail
P C Biz,409 N Elm St,Arthur, IL 61911,217-543-3025,,Category:,Computer Dealers
Patrick Hartman MD,211 S Walnut St,Arthur, IL 61911,217-543-3444,,Category:,Physicians Md &Amp; Do
Pauly's Bbq,310 E Columbia St,Arthur, IL 61911,217-543-2400,,Category:,Restaurants Barbecue
Pcbiz,281 Po Box,Arthur, IL 61911,217-543-3025,,Category:,Computer Dealers
Pearl Lorean,423 S Eberhardt Dr,Arthur, IL 61911,217-543-4081
Penske Truck Rental,514 W Progress St,Arthur, IL 61911,217-543-2085,,Category:,Truck Renting &Amp; Leasing
Phalen Betty,505 Forest Ln,Arthur, IL 61911,217-543-2995
Phillips 66,809 E Columbia St,Arthur, IL 61911,217-543-3668,,Category:,Convenience Stores
Pineview Woodworking,41 E Cr 200 N,Arthur, IL 61911,217-543-3111,,Category:,Furniture Dealers
Pjcc Copy Design & Tech,400 E Sr 133,Arthur, IL 61911,217-543-4408,,Category:,Copying &Amp; Duplicating Service
Plank Enterprises,125 N Walnut St,Arthur, IL 61911,217-543-2361,,Category:,Trucking General


Plank & Sons Woodworking,477 E Sr 133,Arthur, IL 61911,217-268-3790,,Category:,Kitchen Cabinets &Amp; Accessories
Planks Cabinet Shop Inc,1620 State Highway 133,Arthur, IL 61911,217-543-2687,,Category:,Cabinet Makers
Power Plus Equipment LLC,904 E Columbia St,Arthur, IL 61911,217-543-3113,,Category:,Lawn Mowers Retail
Prairie Bookkeeping,400 E Sr 133,Arthur, IL 61911,217-543-2985,,Category:,Accountants Certified Public
Prairie Land Farms,1402 Cr 1800e,Arthur, IL 61911,217-543-2928,,Category:,Farms
Prairie Mennonite School,168 E Cr 700 N,Arthur, IL 61911,217-578-3758,,Category:,Schools
Prairie State Machine & Supply,71 E Cr 100 N,Arthur, IL 61911,217-543-3768,,Category:,Automotive Machine &Amp; Shop Service
Prairie Supply Company,Arthur, IL 61911,217-855-5264,,Category:,Welding Commercial &Amp; Industrial
Prairieland Construction,Arthur, IL 61911,217-543-2699,,Category:,Home Builders
Prairieland Gardens,Arthur, IL 61911,217-543-3558,,Category:,Greenhouse Builders
Prairieland Gardens,1748 Cr 2200n,Arthur, IL 61911,217-543-3558,,Category:,Greenhouse Builders
Prarieland Construction LLC,60 E Cr 000 N,Arthur, IL 61911,217-543-5109,,Category:,Buildings Metal &Amp; Wood
Precision Taping Tools,901 E Columbia St,Arthur, IL 61911,217-543-2175
Precision Taping Tools,133 E Illinois St,Arthur, IL 61911,217-543-2175,,Category:,Tools Hand
Progress Tank Arthur Cstm Tank,510 E Progress St,Arthur, IL 61911,217-543-4020,,Category:,Tanks Metal
Quality Auto Ctr Inc,514 E Columbia St,Arthur, IL 61911,217-543-3622,,Category:,Automobile - Repairs &Amp; Services
Quinn's Towing,Arthur, IL 61911,217-928-9821,,Category:,Automobile Towing
R D S Wood Products,236 E Cr 575 N,Arthur, IL 61911,217-543-3543,,Category:,Wood Products
R G A Insurance Service,1045 E Columbia St,Arthur, IL 61911,217-578-2855,,Category:,Insurance Adjusters
R & I Restaurant,127 S Vine St,Arthur, IL 61911,217-543-2011,,Category:,Restaurants
Radio Shack,412 N Vine St,Arthur, IL 61911,217-543-3534,,Category:,Television &Amp; Radio Dealers &Amp; Service
Randall Electric,412 N Vine St,Arthur, IL 61911,217-543-3133,,Category:,Appliances
Redbox,1011 E Columbia St,Arthur, IL 61911,866-733-2693,,Category:,Video Tapes Dvds &Amp; Discs Rentals
Redneck Mower Repair and Mowing,306 W Luke St,Arthur, IL 61911,217-294-0493,,Category:,Lawn Mowers Retail
Reginald Eberim MD,650 W Columbia St,Arthur, IL 61911,217-543-3869,,Category:,Physicians Md &Amp; Do
Rent A-Tent,120 E 2nd St,Arthur, IL 61911,217-254-9324,,Category:,Tent Rentals
Rich Connell Agri-Search Inc,540 W Palmer St,Arthur, IL 61911,217-543-2505,,Category:,Employment Information
Richter Veterinary Service,107 S Vine St,Ste B,Arthur, IL 61911,217-543-2941,,Category:,Veterinary Clinics &Amp; Hospitals
Risleys Construction,422 N Vine St,Arthur, IL 61911,217-543-2132,,Category:,Contractors General
Risley's Construction,422 N Vine St,Arthur, IL 61911,217-543-2132,,Category:,Contractors General
Riverside Construction,378 E Progress St,Arthur, IL 61911,217-543-2366,,Category:,Construction Companies
Riverside Door Co,446 E Cr 400 N,Arthur, IL 61911,217-268-4183,,Category:,Cabinet Makers
Riverside Door LLC,446 E County Road 400 N,Arthur, IL 61911,217-268-4183
Robert M Crossman Atty,225 S Vine St,Arthur, IL 61911,217-543-3336,,Category:,Attorneys
Rocky Lane Woodworking,55 E Cr 300 N,Arthur, IL 61911,217-543-2160,,Category:,Cabinets Refacing &Amp; Resurfacing
Roselen's Coffees & Delights,1045 E Columbia St,Arthur, IL 61911,217-543-3106,,Category:,Coffee Houses &Amp; Cafes
Rosemar Prefab Walls,Arthur, IL 61911,217-543-5160,,Category:,Homes Built
S & S Heating,341 N Cr 475 E,Arthur, IL 61911,217-268-4569,,Category:,Heating &Amp; Ventilating Contractors
Samuels Miller Schroeder Jackson & Sly Attys,131 S Vine St,Ste B,Arthur, IL 61911,217-543-3403,,Category:,Attorneys
Sarah Bush Lincoln Health Center,211 S Walnut St,Arthur, IL 61911,217-543-3439,,Category:,Physicians &Amp; Surgeons Md &Amp; Do Family &Amp; General Practice
Schlabach's Bike Shop LLC,1061 E Columbia St,Arthur, IL 61911,217-543-3175,,Category:,Motorcycle &Amp; Motor Scooter Dealers
Schrock Builders,350 N Cr 200 E,Arthur, IL 61911,217-543-2977,,Category:,Homes Built
Schrock Builders,370 N Cr 200 E,Arthur, IL 61911,217-543-2707,,Category:,Real Estate - Development
Schrock Builders Roofing Department,370 N Cr 200 E,Arthur, IL 61911,217-543-2707,,Category:,Roofing Contractors
Schrock Drywall Inc,931 E Columbia St,Arthur, IL 61911,217-543-3406,,Category:,Contractors Drywall
Schrock John & Carolyn,411 N Cr 200 E,Arthur, IL 61911,217-543-2423
Schrock's Delivery Service,209 E Sr 133,Arthur, IL 61911,217-543-4085,,Category:,Shopping &Amp; Errand Services
Schrock's Woodworking,135 E Cr 800 N,Arthur, IL 61911,217-578-3259,,Category:,Home Improvement &Amp; Remodeling
Shady Crest,2046 Cr 1800e,Arthur, IL 61911,217-543-3099,,Category:,Orchards
Sherry Williams MD,650 W Columbia St,Arthur, IL 61911,217-543-3869,,Category:,Physicians - General
Shoes Too,136 S Vine St,Arthur, IL 61911,217-543-2181,,Category:,Clothing Stores
Shrader Funeral Home,431 S Vine St,Arthur, IL 61911,217-543-2105,,Category:,Funeral Homes &Amp; Directors
Shunk Maintenance,Arthur, IL 61911,217-543-3123,,Category:,Painting Contractors
Simply Clean,1469 Cr 2500n,Arthur, IL 61911,217-254-9641,,Category:,Carpet &Amp; Rug Cleaners
Singer Insurance,109 S Vine St,Arthur, IL 61911,217-543-3737,,Category:,Insurance
Small Town Chic Boutique,123 S Vine St,Arthur, IL 61911,217-543-2442,,Category:,Clothing Wholesale &Amp; Manufacturers
Ss 2 Wheel,105 N Walnut St,Arthur, IL 61911,217-543-3505,,Category:,Motorcycle &Amp; Motor Scooter Repair &Amp; Service
Stadium Publishing & Printing,1029 Moses Ct,Arthur, IL 61911,217-543-3116,,Category:,Publishers
State Bank of Arthur ATM,411 S Vine St,Arthur, IL 61911,,Category:,Automated Teller Machine (Atm)
Steel Star Metal Roofing & Siding,226 E Cr 600 N,Arthur, IL 61911,217-543-2829,,Category:,Roofing Materials Retail
Steel Star Metal Roofing & Siding,226 E Cr 600 N,Arthur, IL 61911,618-543-2829,,Category:,Roofing Materials Retail
Steve's Barber Styling,236 S Vine St,Arthur, IL 61911,217-543-2513,,Category:,Barber
Stitch & Sew Fabrics,220 S Vine St,Arthur, IL 61911,217-543-2287,,Category:,Quilting
Stone Creek Products,366 E Sr 133,Arthur, IL 61911,217-543-3875,,Category:,General Merchandise Retail
Stutzmans Feed Mill Inc,85 E Cr 250 N,Arthur, IL 61911,217-543-2195,,Category:,Fencing
Stutzman's Feed & Supply LLC,85 E Co Rd 250 N,Arthur, IL 61911,217-543-2195,,Category:,Feed Dealers
Subway,1100 E Columbia St,Arthur, IL 61911,217-543-5150,,Category:,Restaurants
Sutherland Insurance,1029 Moses Ct,Arthur, IL 61911,217-543-3306,,Category:,Insurance
The Calico Workshop,228 S Vine St,Arthur, IL 61911,217-543-2312,,Category:,Gift Shops
The Country Workshop,651 N Cr 125 E,Arthur, IL 61911,217-543-4094,,Category:,Cabinet Makers
The Homestead Bakery,1749A Cr 1900n,Arthur, IL 61911,217-543-3700,,Category:,Bakers
The Lawn Stylist,512 Dogwood Dr,Arthur, IL 61911,217-273-5855,,Category:,Landscape Consultants &Amp; Designers
The Oak Tree,1746 Cr 1550n,Arthur, IL 61911,217-543-3517
The Oaktree,1758A Cr 1550n,Arthur, IL 61911,217-543-3517,,Category:,Department Stores
The Tastee Cup,119 S Vine St,Arthur, IL 61911,217-543-2917,,Category:,Restaurants
Thrifty Boutique,250 S Vine St,Arthur, IL 61911,217-543-3440,,Category:,Boutique Items
Tim Mooney Inc,250 S Vine St,Arthur, IL 61911,217-543-2178,,Category:,Convenience Stores
Tim Mooney Inc,405 Cedar Ln,Arthur, IL 61911,217-543-2178,,Category:,Convenience Stores
Timberside Woodworking,Arthur, IL 61911,217-578-3201,,Category:,Woodwork
Timeless Treasures Photography,1866 E County Road 1900n,Arthur, IL 61911,217-543-2948,,Category:,Photographers
Tintype,233 S Walnut St,Arthur, IL 61911,217-543-2233,,Category:,Photographers Commercial
Tom's Dairyland,310 E Columbia St,Arthur, IL 61911,217-543-2400,,Category:,Restaurants
Tool World,901 E Columbia St,Arthur, IL 61911,800-562-2484,,Category:,Contractors Drywall
Tool World,901 E Columbia St,Arthur, IL 61911,217-543-2101,,Category:,Contractors Drywall
Tool World,133 E Illinois St,Arthur, IL 61911,217-543-2101,,Category:,Hardware Retail
Tools Plus,379 N Cr 000 E,Arthur, IL 61911,217-543-2404,,Category:,Camping Equipment &Amp; Supplies
Tools Plus,2096 Cr 1800e,Arthur, IL 61911,217-543-2404,,Category:,Tools Repairing &Amp; Parts
Tools Plus,904 E Columbia St,Arthur, IL 61911,217-543-2404,,Category:,Tools Repairing &Amp; Parts
Tools Plus Fans,302 E 2nd St,Arthur, IL 61911,217-543-3294,,Category:,Tools Repairing &Amp; Parts
Trailer Refrigration Inc,35 E Cr 200 N,Arthur, IL 61911,217-543-2093,,Category:,Trailers Storage
Tri County Ready Mix Inc,400 W Progress St,Arthur, IL 61911,217-543-2922,,Category:,Concrete Ready Mixed
Tri-County Welding & Fabrication, LLC,1031 E Columbia St,Arthur, IL 61911,217-543-3304,,Category:,Welding Household &Amp; Miscellaneous Items Repair
True Value,117 E Progress St,Arthur, IL 61911,217-543-2594,,Category:,Building Materials &Amp; Supplies
U R Cabinet Studio,1718 Cr 2000n,Arthur, IL 61911,217-543-3345,,Category:,Cabinet Makers
United Methodist Parsonage,128 E Park St,Arthur, IL 61911,217-543-2947,,Category:,Clergy
United States Postal Service,315 S Vine St,Ste 2,Arthur, IL 61911,217-543-2212,,Category:,Postal Services
University Of Illinois Extension Moultrie Douglas,122 S Walnut St,Arthur, IL 61911,217-543-3755,,Category:,Schools Academies Colleges &Amp; Universities
Ur Cabinet Studio,1729 Cr 2000n,Arthur, IL 61911,217-543-3344,,Category:,Contractors - Carpentry
Vera's Family Meals,117 N Cr 000 E,Arthur, IL 61911,217-543-2933,,Category:,Restaurants
Village Square Real Estate,139 S Vine St,Arthur, IL 61911,217-543-5131,,Category:,Real Estate


Vine Street Christian Church,249 S Vine St,Arthur, IL 61911,217-543-2292,,Category:,Churches
Vine Street Christian Church,307 S Walnut St,Arthur, IL 61911,217-543-2462,,Category:,Churches All Denominations
W D Brown DDS,525 N Vine St,Arthur, IL 61911,217-543-2129,,Category:,Dentist Oral Surgery
W E Crane Inc,2310 Cr 1800e,Arthur, IL 61911,217-543-2568,,Category:,Contractors Drainage
Watkins Estates Inc,705 E Columbia St,Apt 33,Arthur, IL 61911,217-543-3535,,Category:,Retirement &Amp; Life Care Communities &Amp; Homes
Watkins Farms,1514 Cr 1800e,Arthur, IL 61911,217-543-3108,,Category:,Trucking General
Wedge Woodworking,160 E Cr 240 N,Arthur, IL 61911,217-543-3774,,Category:,Woodwork
Weger Accounting & Consulting,106 E Columbia St,Arthur, IL 61911,217-543-2938,,Category:,Accountants Certified Public
West Prairie Hearth At Yoders Gazebos,2038 Cr 1800e,Arthur, IL 61911,217-543-3624,,Category:,Gazebos
Western Union,411 S Vine St,Arthur, IL 61911,217-543-2111,,Category:,Banking Services
White Dog Guns,110 N Vine St,Arthur, IL 61911,217-543-2058,,Category:,Guns &Amp; Gunsmiths
Wildlife Taxidermy & Archery Studio,583 N Cr 250 E,Arthur, IL 61911,217-543-3866,,Category:,Taxidermy
Wiley Farms,16302 N County Road 100e,Arthur, IL 61911,217-254-8627,,Category:,Farms
Willard Helmuth Construction,106 N Industrial Pkwy,Arthur, IL 61911,217-543-2730,,Category:,Construction Estimates
Willard Helmuth Construction,1702 Cr 2300n,Arthur, IL 61911,217-543-3027,,Category:,Construction Estimates
Wilsons Kitchens & More LLC,1702 Cr 2300n,Arthur, IL 61911,217-543-2408,,Category:,Kitchen Cabinets &Amp; Accessories
Wine On The Vine,105 S Vine St,Arthur, IL 61911,217-543-6000,,Category:,Wine Retail
Wood Loft,138 S Vine St,Arthur, IL 61911,217-543-2766,,Category:,Furniture Dealers
Woodworth Automotive,620 E Progress St,Arthur, IL 61911,217-543-3008,,Category:,Automobile - Repairs &Amp; Services
Wps Movers,120 E 2nd St,Arthur, IL 61911,217-519-3713,,Category:,Moving Services
Yoder Cabinets,1718 Cr 2000n,Arthur, IL 61911,217-543-3344,,Category:,Cabinet Makers
Yoder Cabinets,1716 Cr 2000n,Arthur, IL 61911,217-543-3344,,Category:,Cabinet Makers
Yoder Darrell Equine Feed Supplements,1486A Cr 1675e,Arthur, IL 61911,217-543-2860,,Category:,Floor Install Refinish &Amp; Resurface
Yoder Oba E,18338 N County Road 200e,Arthur, IL 61911,217-543-2540
Yoders Kitchen,1195 E Columbia St,Arthur, IL 61911,217-543-2714,,Category:,Retaining Walls
Yoder's Lamps Antiques & Collectibles,214 S Vine St,Arthur, IL 61911,217-543-2108,,Category:,Lamps &Amp; Lamp Shades Retail
25/8 Xtreme,317 E Lincoln St,Arthur, IL 61911,217-259-4143


